,,Race,Class,Name,Sub-class,,ATK,DEF,HP,Speed,CR,CD,CritRes,CritDEF,Ddg,Acc,Pen,RecR,LsR,CCRes,PhRes,MRes,Active Skill,Passive skill 1,Passive skill 2,Passive skill 3,Awaken Skill,Engraving,Exclusive equipment,Added stats from Exclusive Equipment 
,1,Darkguard,Int,Vescura,Supporter,,422 130,143 516,1 386 462,80,10%,50%,0%,0%,10%,0%,0%,0%,0%,80%,0%,0%,"Demon's Heart: Applies a debuff to all enemies, reducing Crit Resistance by 20% for 2 turns. Additionally, applies a debuff that increases damage taken by 30% for 1 turn(s) to the closest enemy in the front row. (Vescura cannot reuse his Active Skill)","Dark Orb: Unleash a chain attack on adjacent enemies, dealing ATK 130% as damage. This attack can chain up to 2 times.","Wings of Defiance: CC Resistance +80%. At the start of battle, if Vescura is placed in the 2nd or 3rd row, reduces the Speed of enemy Light heroes by 15.","Count's Prestige: When Vescura takes damage from Active Skills or Normal Attacks, there is a 100% chance to restore 50 Energy to a random ally in the same row (1 time per round).","Demonic Pact: When using Active Skill, there is a 60% chance to apply [Blood Host] to all enemies for 2 turn(s). Enemies affected by [Blood Host] gain 10 less Energy from normal attacks. At the start of each round, Vescura attacks enemies afflicted with [Blood Host], dealing additional damage equal to 20% of their current HP. ([Blood Host] does not stack, and additional damage does not exceed 250% of Vescura's ATK)","When an enemy hero afflicted with [Blood Host] triggers an additional attack (including joint attack and counterattack), reduce their Energy by 30. This effect does not apply to boss-type enemies. (Up to 2 time(s) per round, includes invisible and shadow-state enemies) Chance to apply [Blood Host] to Dealers, Supporters, and Boss-type enemies is increased by 40%.",,
,2,Darkguard,Int,Dmitri,Healer,,404 298,140 195,1 356 947,75,10%,50%,0%,0%,10%,0%,0%,0%,0%,0%,0%,0%,"Tranquillo: Heals all allies by ATK 75% and applies a HoT buff to the ally with the lowest HP%, healing them by ATK 120% for 2 turns.","Canzonetta: At the start of battle, gains 100 Energy.","Moderato: Starting from round 1 and every other round thereafter, applies a HoT buff to all allies, healing them by ATK 80% for 2 turns, and removes 1 debuff from 3 random allies.","Fermata: Upon being hit, applies a debuff that reduces ATK by 20% for 2 turns to the attacker. Can trigger once per round.","Finale: If there are 5 Dark and/or Undead deployed allies, the following effects take place: / At the start of each round, all allies, except self, gain 30 Energy. / Upon the death of an ally, excluding self, applies a HoT buff to all remaining allies, healing them by ATK 80% for 2 turns. Can trigger once per battle. / Upon the resurrection of an ally, applies a debuff to all enemies that reduces their DEF by 40% for 2 turns and deals damage equal to 30% of their max HP. Can trigger once per battle.","If there are 3 or more Dark and/or Undead reployed allies, for the first 5 rounds, allies with a HoT buff, including self, cannot take damage exceeding 35% of their max HP from a single hit. If the damage would have otherwise exceeded 35% of their max HP, they get 1 HoT buff removed.",,
,3,Darkguard,Agi,Roze,Dealer,,479 248,129 038,1 545 473,86,10%,50%,0%,0%,10%,0%,0%,0%,0%,0%,0%,0%,"Dance of Death: Targets the enemy with the lowest HP%, dealing ATK 230% damage and applying a debuff that reduces healing received by 80% for 2 turns.","Stiletto Heels: On normal attacks, targets the enemy with the lowest HP%, dealing ATK 130% damage and permanently reducing their Crit Resistance by 10%.","Dance of Vengeance: Upon the death of an ally, retaliates against the attacker, dealing ATK 100% damage.","Euphoria: Upon the death of an enemy, heals for 30% of max HP. If Roze lands the killing blow, gains an additional 100 Energy.","Vital Strike: Critical hits deal additional damage equal to 16% of the enemy's max HP. This effect increases by 3% each time a critical hit is triggered, up to a maximum of 28%.","Just before death, hides in the shadows for 2 turns. When in the shadows, cannot be targeted, and Penetration and Crit Damage increase by 50% each. Can trigger once per battle.",,
,4,Darkguard,Int,Nebula,Supporter,,418 887,153 108,1 563 994,79,25%,50%,0%,0%,10%,0%,0%,0%,0%,0%,0%,0%,"Tentacle Bomber: Targets the closest enemy in the furthest row and all adjacent enemies, dealing ATK 135% damage and applying a debuff that increases the chance of being critically hit by 30% for 2 turns.","Spooky Girl: On normal attacks, targets the closest enemy in the furthest row, dealing ATK 135% damage.","Suction Recovery: For the first 5 rounds, at the start of each round, the ally with the lowest HP% gains a HoT buff, healing by ATK 75% for 2 turns.","Second Heart: Upon dropping below 70% or 40% HP, heals self and adjacent allies by 30% of Nebula's max HP and removes all their debuffs. Can trigger once per battle for each threshold.","Hidden Ferocity: Starting from round 2, at the start of each round, ATK is increased by 6%, up to a maximum of 60%.","Damage taken by self and adjacent allies from DoT debuffs is reduced by 50%. If Nebula is under DoT debuff, all her attacks will reduce the Energy of the target by 25.",,
,5,Darkguard,Str,Zeke,Tanker,,406 198,158 642,2 317 743,77,10%,50%,0%,0%,10%,0%,0%,0%,0%,0%,0%,0%,"Assault Cogwheel: Targets the closest enemy and all enemies in a straight path behind, dealing ATK 180% damage and having a 60% chance to apply Silence for 1 turn.","Spiked Shield: On normal attacks, targets the closest enemy and the adjacent enemy behind, dealing ATK 105% damage and reducing their Speed by 5, up to a maximum of 20.",Darkguard: Damage taken from normal attacks is reduced by 25%.,"Contract of Life: Upon dropping below 70%, gains a HoT buff, healing by 30% of max HP for 4 turns. Can trigger once per battle.","Magical Growth: At the start of battle, gains 50 Energy. Chance to Silence on Assault Cogwheel increases to 80% and duration increases to 2 turns.","Upon being the only one hit by an Active Skill, launches a counterattack, dealing 80% damage of the damage taken.","Duality of Evil: For each Light hero on the enemy team, Zeke's damage taken is reduced by 10%. (Stacks up to 5 times) When an enemy reuses a skill that directly damages an ally, Zeke nullifies the damage and gains 30 Energy. (Up to 3 times per battle)",
,6,Darkguard,Int,Benzel,Dealer,,425 372,149 419,1 695 409,73,10%,50%,0%,20%,10%,0%,0%,0%,0%,0%,0%,0%,"Boiling Earth: Targets all enemies, dealing ATK 75% damage and inflicting Acid, dealing ATK 50% DoT for 3 turns. Acid damage removes all kinds of shields.","Death Explosion: On normal attacks, targets 1 random enemy, dealing ATK 115% damage and increasing their damage taken from DoT by 15%.",Gathering Strength: Damage taken from enemies inflicted by Acid is reduced by 25%.,"Dark Pledge: At the start of battle, gains 100 Energy.","Curse of Vitality: Each ticking turn, the ally with the lowest HP% is healed by 90% of damage dealt through Acid.","For each enemy inflicted by Acid, allies in the same row, including self, have their Physical Resistance increased by 6%. When below 50% HP, ATK increases by 24%.",,
,7,Darkguard,Agi,Lilith,Dealer,,485 520,130 335,1 470 210,93,10%,50%,0%,0%,65%,0%,0%,0%,0%,0%,0%,0%,"Darkness Slash: Deal ATK 180% damage to all enemies in the front row and absorb 50% of their Energy. When your absorbed energy becomes full due to the absorbed Energy, use the active skill again.","Mutilate: When Lilith dodges, the Energy of the attacker is reduced by 30.","Ambush: When below 35%, on any attack, heals by 50% of damage dealt.","Mocking Laugh: When being the last one standing, gains a buff that increases Dodge Rate by 46% for 2 turns.","Demonic Leech: Upon landing a killing blow, ATK increases by 15% of the ATK of the target and DEF increases by 20% of the DEF of the target.","When Lilith dodges, has a 50% chance of counterattacking the attacker, dealing ATK 100% damage. Upon launching a counterattack, gains 30 Energy.",,
,8,Darkguard,Agi,Bahzam,Dealer,,498 801,128 389,1 444 385,74,10%,50%,0%,0%,35%,0%,25%,0%,0%,0%,0%,0%,"Split the Darkness: Targets the closest enemy, dealing ATK 280% damage. Upon landing a killing blow, gains an extra life, allowing him to resurrect at the end of the round he is killed with 70% HP and 50 Energy. Can resurrect thrice per battle.","Cheap Shot: On normal attacks, targets the closest enemy, dealing ATK 150% damage and gaining a buff that increases Penetration by 50% for 3 turns.","Thirst for Blood: At the start of battle, Dodge Rate increases by 40%, reducing by 5% each received hit.","Frenzied Butcher: Upon dodging, gains a buff that increases ATK by 16% for 1 turn and gains 30 Energy.","Impenetrable Darkness: Upon death, targets the enemy attacker, dealing ATK 180% damage and applying a debuff that reduces their DEF by 80% for 3 turns. Can trigger twice per battle.","Upon resurrection, Energy of all enemies is reduced by 35 and Energy of all allies increases by 30.","Agent of Death: Upon Bahzam's death, he inflicts the unremovable [Mark of the Reaper] debuff on the attacker for 3 turns, dealing damage over time equal to 120% of ATK. (Once per battle, also applies to heroes in Shadow and Invisible state) Enemies afflicted with [Mark of the Reaper] take 20% increased damage. If a hero afflicted with [Mark of the Reaper] dies, Bahzam is revived.",
,9,Darkguard,Str,Zagrako,Tanker,,404 723,174 875,1 896 667,83,10%,50%,0%,0%,10%,0%,0%,0%,15%,0%,0%,20%,"Destructive Tempest: Targets the closest enemy and all adjacent enemies, dealing ATK 140% damage and applying Stun for 1 turn.","Wild Strike: On normal attacks, targets the closest enemy, dealing ATK 150% damage. For the first 5 rounds, self and adjacent allies have their Lifesteal Rate increased by 45%. Cannot be removed.","Forbidden Contract: At the end of each round, if below 30% HP, gains 50 Energy.","Demonic Path of Flames: If below 40% HP, ATK increases by 20%. Upon death, resurrects 2 rounds later at the start of the round with 50% HP and 50 Energy.","Strange Power: Upon death, adjacent allies get a buff that increases their ATK by 30% and Lifesteal Rate by 45% for 2 turns. Can trigger twice per battle.","Upon resurrection, ATK increases by 26%, DEF by 28%, and Lifesteal Rate by 25%. Can trigger thrice per battle.","Destructive Force: Upon death, Zagrako has a 60% chance to Stun each enemy hero for 1 turn, and a 100% chance to inflict a 20% Crit Weakness debuff for 2 turns. (Twice per battle) While Zagrako is dead, damage taken by adjacent allies is reduced by 15%.",
,10,Apostle of Light,Int,Rael,Healer,,423 102,146 098,1 465 045,71,10%,50%,0%,0%,10%,0%,0%,0%,0%,0%,0%,0%,"Battle Cry: Applies a continuous healing to all allies, restoring HP equal to 55% of ATK for 2 turns. Additionally, grants the 2 allies with the lowest HP a shield equal to 25% of their Max HP for 2 turns.",Brave Charge: Normal attacks target the enemy with highest ATK and has a 70% chance to inflict Shock for 1 turn,"Salvation: At the start of each round, restores HP equal to 40% of ATK to the allied hero with the lowest HP","Insight: When Rael's HP is 70% or lower, Dodge Rate increases by 40%","Heavenly Blessing: WHen an allied hero (including Rael) dies, grants Blessing of Light to all allied heroes for 2 turns (once per battle). Allies affected by Blessing of Light cannot take damage exceeding 35% of Max HP from a single attack","When an adjacent back-row hero (including Rael) takes fatal damage, they survive with 1 HP instead, and gain a shield equal to 150% of Rael's ATK for 1 turn. Additionally, removes all debuffs from the target. (Once per battle. Does not trigger together with effects that let allies survive with 1 HP, and the ally's own effect takes priority).",,
,11,Apostle of Light,Int,Lumen,Supporter,,385 493,143 885,1 443 278,75,10%,50%,0%,0%,10%,0%,0%,0%,0%,0%,0%,0%,"Light of Purification: Deals ATK 140% damage to an enemy and all enemies in a straight line behind the target, and removes 1 buff from the hit enemies",Empowered Strike: Increase ATK of normal attacks by 30%,"Emergency Shield: At the start of battle, grants a shield equal to 100% of own HP to the ally with the lowest HP for 2 turns","Tenacity: When an ally dies, Lumen permanently reduces the ATK of the enemy that killed them by 15% (Once per battle).","Barrier of Light: At the start of battle, Lumen creates a Barrier of Light across the battlefield in front of her. Allies inside the barrier take 20% less damage, and have a 10% chance to ignore damage when hit by active or normal attacks. The barrier lasts for 7 turns.","Allies inside the Barrier of Light gain 15% ATK and 25% Crit DMG. When an ally inside the Barrier of Light is hit by an active or normal attack, Lumen has a 50% chance to retaliate, dealing 100% ATK damage to the attacker and stunning them for 1 turn.",,
,12,Apostle of Light,Str,Akmon,Tanker,,424 276,155 322,1 690 141,82,10%,50%,0%,0%,10%,0%,0%,0%,0%,0%,0%,0%,"Celestial Lance: Targets the closest enemy and all enemies in a straight path behind, dealing ATK 135% damage and applying Taunt debuff for 1 turn.","Insight: On normal attacks, targets the closet enemy in the furthest row, dealing ATK 130% damage.","Mana-Draining Barrier: Upon taking more than 20% max HP in a single hit, the attacker gets Silence applied for 1 turn. Can trigger up to 4 times per battle. For the first 3 rounds, just before death, survives with 1 HP. Can trigger once per round.","Duel Challenge: At the start of every second round, applies Taunt debuff to 1 random enemy Dealer. If no enemy Dealers, targets closest enemy. Enemies under Taunt have a 50% chance of not gaining Energy when hitting Akmon unless they are Boss-type enemies.","Inquisition: At the start of battle, Energy gain rate of all enemies is reduced by 50% for 2 turns unless they are Boss-type enemies. Does not apply to Energy gained from attacking or being attacked.","Damage taken from enemies under Taunt is reduced by 60%. Upon being hit by an enemy under Taunt, Dodge Rate increases by 10%, up to a maximum of 40%.","Solas: When using an Active Skill, absorb 30% of the Energy from all targeted enemies whose Energy is 100 or higher, and distribute it evenly to the two allies with the highest ATK. This effect does not trigger against boss-type enemies.",Accuracy +15%
,13,Apostle of Light,Agi,Leovalt,Dealer,,461 539,130 010,1 590 852,79,34%,50%,0%,0%,45%,0%,0%,0%,0%,0%,0%,0%,"Black Mask: Targets the closest enemy, dealing ATK 225% damage. If the attack lands a critical hit, re-triggers it.","Cursed Fist: On normal attacks, targets the closest enemy, dealing ATK 123% damage and applying a Darkness Seed debuff for 1 turn. Darkness Seed increases the chance of being critically hit by 20% and prevents resurrection.","Brave Warrior: When below 60% HP, Crit Rate increases by 23%.","Shining in Darkness: Upon landing a critical hit, removes all debuffs from him and gains a shield equal to 15% of max HP for 2 turns.","Guide of Darkness: Enemies defeated by Leovalt cannot be resurrected. When an ally attacks an enemy in the 1st or 2nd row, Leovalt has a 40% chance to perform a joint attack, dealing ATK 110% damage.","Crit Damage against Tankers increases by 50%. All attacks ignore and remove shields. If the removed shield is a damage immunity shield, gains a damage immunity shield for 1 turn.",,
,14,Apostle of Light,Int,Lena,Supporter,,422 454,148 312,1 478 327,81,10%,50%,0%,0%,10%,0%,0%,0%,0%,0%,0%,0%,"Moonlight Flash: Targets all enemies, dealing ATK 105% damage and having a 75% chance to apply Sleep for 1 turn.","Meteor Shower: On normal attacks, targets the closest enemy and 2 additional enemies under Sleep, dealing ATK 120% damage.","Moon's Energy: At the end of each round, removes any CC applied to her. If successful, gains a buff that increases ATK by 30% for 2 turns.","Magic Lena: At the start of battle, Magical Resistance of self and adjacent allies increases by 50%, decreases by 5% each following round.","Dreamland: Upon being hit, enemy attacker has a 70% chance to fall under Sleep for 1 turn. Heals by 20% of max HP every third time she applies Sleep on an enemy.","At the end of each round, enemies under Sleep have their Energy reduced by 50.",,
,15,Apostle of Light,Str,Ulion,Dealer,,509 556,138 764,1 649 882,82,25%,50%,0%,0%,10%,0%,0%,0%,0%,0%,15%,0%,"Holy Shock: Targets the enemy with the highest ATK, dealing ATK 230% damage and applying Shock for 1 turn.","Ray of Light: On normal attacks, targets the closest enemy, dealing ATK 155% damage and healing by 70% of damage dealt.","Aura of Concentration: At the start of battle, gains 100 Energy. At the beginning of every second round, gains 25 Energy.","Synergy: At the start of battle, Accuracy of self and adjacent allies increases by 40%.","Holy Energy: Upon landing a killing blow, heals by 50% of max HP.","When below 50% HP, ATK increases by 25%. On normal attacks, has a 65% chance to apply Shock to the target for 1 turn.","Thunder: Increases the duration of the Active Skill's Shock effect by 1 turns. When attacking enemies in Shock, removes 1 buff(s) and has a 100% chance to ignore effects that prevent damage from exceeding a certain percentage of max HP. (This effect does not apply to additional attacks made in the same turn the Shock was applied.)",
,16,Apostle of Light,Agi,Nuel,Supporter,,424 723,149 419,1 463 569,68,10%,50%,0%,15%,25%,0%,8%,0%,0%,0%,0%,15%,"Barrage of Light: Targets 1 random enemy on 3 different instances, dealing ATK 100% damage and reducing their Energy by 25 each instance. Nuel starts the battle with 100 Energy.","Divine Punishment: On normal attacks, targets the closest enemy, dealing ATK 150% of damage.","PS2: At the start of battle, Energy of all allies, excluding self, increases by 50.","Strong Heart: At the end of every round, has 1 debuff removed.","Flash of Light: If HP falls below 40%, gains a shield equal to 60% of max HP for 1 turn and gets a HoT buff, healing for ATK 80% for 3 turns.","ATK against Intelligence-type enemies increases by 20%. Upon death, all remaining allies gain 30 Energy.",,
,17,Apostle of Light,Int,Solina,Healer,,420 509,150 157,1 483 492,79,10%,50%,0%,0%,35%,0%,0%,0%,0%,0%,0%,0%,"Prayer of Healing: Targets the 2 allies with the lowest HP% (including self), healing them by ATK 155%, applying a shield equal to 20% of their max HP for 2 turns (cannot exceed 150% of Solina's ATK), and removing all debuffs from them.","Ultimate Sacrifice: At the start of battle, Speed of all allies increases by 20.","Pillar of Light: When HP falls below 35%, heals by 30% of max HP. Can trigger once per battle.","Unfailing Faith: If HP of an ally falls below 50%, Solina gains 50 Energy. Can trigger once per ally.","Divine Miracle: On Active Skill, 1 random dead ally is resurrected with 80% HP and 100 Energy. Can trigger once per battle.","Upon death, 1 random dead ally is resurrected with 70% HP and 100 Energy. Can trigger once per battle.",,
,18,Apostle of Light,Str,Taros,Tanker,,395 868,180 409,1 958 917,90,10%,50%,0%,0%,25%,0%,0%,0%,0%,0%,10%,0%,"Thunder Clap: Targets the 2 enemies with the highest ATK, dealing ATK 130% damage and applying a debuff that reduces their ATK by 20% for 2 turns.","Righteous Judgement: When below 50% HP, damage taken reduces by 30%.","Divine Shield: When HP falls below 35%, heals by 30% of max HP. Upon death, 1 random ally in the front row, including self, gets a damage immunity shield for 1 turn. Both effects can trigger once per battle.","Iron Will: At the start of every round, the 2 allies with the lowest HP%, including self, get a buff that reduces damage taken by 15% for 1 turn.","Apocalyptic Tome: Upon death, resurrects at the end of the current round with 80% HP and 120 Energy. Can trigger once per battle.","Healing from Divine Shield increases to 75% of max HP. Upon being hit, ATK and DEF have a 50% chance of increasing by 6%, up to a maximum of 36% each.",,
,19,Undead,Agi,Louveti,Dealer,,454 708,121 581,1 361 374,83,10%,50%,0%,25%,10%,0%,0%,0%,0%,0%,0%,0%,"Annihilation Round: Attacks the nearest enemy in the back row, dealing 195% of ATK as damage and inflicts a Shield Prevention debuff for 1 turns, preventing all shield gains. Additionally deals 120% damage to adjacent enemies.",Precision Shot: Deals 140% of ATK as damage to the nearest enemy in the back row.,"Aim: Crit Defense +25%. When landing a Crit with an Active Skill, gain 20 Energy. (Once per round)","Moonlight Aura: At the start of every 2 rounds, if there are no active buffs on self, gain a buff that increases ATK by 25% for 2 turns.",Sharp Senses: Immediately removes all debuffs from self and increases own Energy by 100 when current HP falls below 60%. (Once per battle),Increases Crit Rate and Accuracy against Agility-type enemies by 20%.,"Silver Bullet: When Louveti attacks, ignores 15% of the target's Dodge Rate for each debuff on the target. (Max 30%) Season Chapter Exclusive: Increases damage dealt by 10% for each debuff on the target when attacking. (Max 30%)",
,20,Undead,Int,Sekhrus,Healer,,424 399,133 431,1 472 055,80,10%,50%,0%,0%,10%,0%,25%,0%,0%,0%,0%,0%,"Pague Onset: Attacks nearest Healer, dealing 150% ATK as dmg and inflicts Poison on target and all adjacent enemy heroes, dealing 60% ATK as damage over 3 turns. (Defaults to primary target if no healer). Sekhrus heals the ally with lowest HP by 100% of all damage dealt by his own Poison","Poisoned Dagger: At the start of each round, inflict a debuff that reduces speed by 20 for 1 turn on a random poisoned enemy hero (Sekhrus starts with full energy).",Crow Mask: Penetration +25%. Sekhrus revives after 1 round with 50% HP and 100% energy upon death (once per battle).,Immunity: Reduces damage taken by 10% per poisoned enemy hero (max 30%),"Death Sentence: When an ally's HP falls below 50% (excluding self), activate the following effect: Instantly remove Sekhrus' Poison debuff from enemy heroes, and deal damage equal to 100% of the total damage of the removed Poison debuff. Heal all allies by 100% of the damage dealt. (Activates 2 times per battle, does not activate if no enemy hero is affected by Sekrus' Poison)","At the start of each round, inflict Poison on a random enemy hero not already Poisoned, dealing 80% ATK as damage over 2 turns (applies after Posioned Dagger skill activation). Additionally, when an enemy hero removes Poison, Sekhrus gains 25 energy (once per round).",,
,21,Undead,Str,Muerte,Tanker,,391 072,140 710,1 767 953,84,10%,50%,0%,0%,10%,0%,0%,0%,0%,0%,15%,0%,"Curse of the Wraith: Deal 120% ATK damage to the 2 enemies with the highest HP, and has a 70% chance to Bind them for 1 turn.","Tomb of the Dead: When using Active Skills or Normal Attacks, deal additional damage to the target equal to 7% of Muerte's Max HP and recover 7 of Muerte's HP.","Self-Sacrifice: At the start of every 2 rounds, reduce your own HP by 10% and grant 1 Nullification Shield to the ally (excluding Muerte) with the lowest HP. This effect does not trigger if Muerte's HP is 30% or lower. (A Nullification Shield blocks 1 instance of damage from Normal Attacks or Active Skills, and cannot be stacked)","Fallen Shield: When an allied hero (excluding Muerte) falls to 50% HP or below, grant that ally a buff that increases Lifesteal by 40% and reduces damage taken by 20% for 2 turns. (Once per target).","Harbringer of Death: When an enemy hero dies, revive 1 random fallen ally with 50% HP and 100% energy and grant 1 Nullification Shield. (Once per battle). If an enemy hero survives an attack that would have killed them, inflict Bind for 2 turns of the target. (Once per target)","At the start of battle, gain 1 Nullification Shield. When hit 3 times by Normal Attacks and/or Active Skills, grant yourself 1 Nullification Shield. (Up to 3 times per battle).",,
,22,Undead,Int,Melantha,Supporter,,450 895,131 307,1 358 054,85,10%,50%,0%,0%,10%,0%,0%,0%,0%,0%,0%,10%,"Cursed Wings: Targets 1 enemy with the highest ATK, dealing ATK 220% damage and reducing their ATK by 8%.","Caring Umbrella: When Melantha or an ally in her same row takes damage exceeding 35% of their max HP in a single hit, they receive a shield equal to 200% of Melantha's ATK for 1 turn. Can trigger twice per target per battle.","Graceful Composure: On her turn, removes all debuffs from self and allies in her same row.","Sun Ward: Upon receiving a magical hit, the attacker has their Energy reduced by 40.","Wound Absorption: On Active Skill, increases the ATK of allies in her same row, excluding self, by 50% of the reduced ATK. Each instance cannot exceed 50% of Melantha's ATK.","Starting from round 3, on Active Skill, has a 50% chance to target 2 enemies with the highest ATK. This chance increases to 100% from round 6 onwards.",,
,23,Undead,Str,Nox,Tanker,,521 970,144 522,1 593 849,70,10%,50%,0%,0%,10%,0%,0%,0%,0%,0%,0%,30%,"Breath of the Dead: Targets the closest enemy and all enemies in a straight path behind, dealing ATK 170% damage and applying a Curse of Recovery debuff for 2 turns. Curse of Recovery reduces healing by 65%, and 70% of that amount is absorbed by the enemy with the lowest HP%. Can stack once.","Abyssal Strike: At the beginning of Nox's turn, has a 70% chance to remove all his debuffs.","Ebony Armor: Upon receiving a magical hit, gains an additional 40 Energy.","Ghost's Residue: Upon death, resurrects 2 rounds later at the start of the round with 70% HP and 100 Energy. Can trigger once per battle.","Roar of Death: Upon resurrection, all enemies receive Taunt debuff for 1 turn, and Nox gets a buff that reduces damage taken by 50% for 1 turn.","For the first 5 rounds, self and adjacent allies behind are immune to Silence, even if Nox dies. Upon death, the Energy of all enemies is reduced by 50. Can trigger twice per battle. Nox now resurrects 1 round later.",,
,24,Undead,Agi,Ripper,Dealer,,445 697,144 146,1 395 316,77,10%,50%,0%,0%,10%,0%,0%,0%,0%,0%,0%,0%,"Surprise Gift: Targets the closest enemy in the furthest row and all adjacent enemies, dealing ATK 110% damage and applying Bomb debuff. After 2 turns, Bomb explodes, dealing ATK 25% damage. If removed early, it deals ATK 117.5% damage instead.","Ripper's Blessing: On normal attacks, targets the closest enemy in the furthest row, dealing ATK 120% damage and applying a buff to the 2 allies with the lowest HP% that increases Dodge Rate by 25% for 2 turns.","Agile Movements: For the first 3 rounds, Dodge Rate increases by 30%. When below 50% HP, Dodge Rate further increases by 32%.","Fatalist: Upon the death of an ally, Dodge Rate of self and all remaining allies increases by 8%, while Dodge Rate of all enemies reduces by 7%.","Ace Card: At the start of battle, self and allies on the same row have their Dodge Rate increased by 16%. Upon attacking enemies with 100 or more Energy, has a 70% chance of reducing their Energy by 25 to 55.","Whenever an ally dodges, Ripper heals by 12% of max HP, and his ATK increases by 5%, up to a maximum of 50%.","Magnum Opus: When an ally dodges an Active Skill or Normal Attack, Ripper has a 100% chance to counterattack for 100% of ATK and remove 1 Bomb debuff from the target. (Once per round) Ripper hides in the shadows for 1 turn after defeating an enemy. (Once per battle)",
,25,Undead,Agi,Fleta,Dealer,,466 491,127 417,1 371 335,91,10%,50%,0%,0%,10%,0%,0%,0%,0%,0%,0%,0%,"Ravage: Targets the enemy with the lowest HP%, dealing ATK 255% damage.","Desperate Destruction: On normal attacks, targets the enemy with the lowest HP%, dealing ATK 135% damage and removing 1 buff. Each time Fleta removes a buff, her Dodge Rate increases by 8%, up to a maximum of 40%.","Mad Slaughter: When below 50% HP, Dodge Rate increases by 50%.","Defense Mechanism: Upon the death of an ally, ATK increases by 13%, up to a maximum of 65%.","Uneasy Heart: Upon landing a killing blow, heals by 35% of max HP and gains a buff that increases ATK by 20% for 2 turns.","Upon landing a killing blow, gains 50 Energy and has a 20% chance of receiving a damage immunity shield for 1 turn.","Crescent of Death: Immediately after the start of each round, if own Energy is 100 or higher, applies Fleta's Mark to the enemy hero with the lowest HP for 1 turn. Enemy heroes affected by Fleta's Mark have their Healing Received reduced by 80% and Dodge Rate reduced by 30%. When Fleta attacks an enemy affected by Fleta's Mark, there is a 100% chance to ignore effects that prevent damage from exceeding a certain proportion of Max HP. (This effect does not apply to additional actions taken by Fleta in the same turn the mark was applied.)",
,26,Undead,Int,Ash,Supporter,,422 130,142 409,1 300 008,81,10%,50%,0%,0%,10%,0%,0%,0%,0%,0%,0%,0%,"Hellfire: Targets all enemies in the closest row, dealing ATK 150% damage and applying a debuff that reduces DEF by 30% for 3 turns.","Soul Burn: At the start of every second round, the 2 allies with the lowest HP% get a buff that increases Lifesteal Rate by 50% for 2 turns.","Bloody Foot: Upon the death of an ally, all enemies have their DEF reduced by 15%, up to a maximum of 60%.","Hell Hook: When below 40% HP, heals by 40% of damage dealt.","Burning Flame: Upon death, all enemies have their Energy reduced by 60 and get a debuff that increases their damage taken by 28% for 2 turns. Can trigger during continuous attacks, once per battle.","When below 60% HP, ATK increases by 22% and Magical Resistance by 30%.",,
,27,Undead,Agi,Dextor,Supporter,,412 403,145 729,1 282 332,59,10%,50%,0%,0%,10%,0%,15%,0%,0%,50%,0%,0%,"Spear of the Void: Targets all enemies in the closest row, dealing ATK 160% damage and granting adjacent allies 25 Energy for each enemy hit. Starts battle with 100 Energy.","Piercing Curse: At the start of battle, djacent allies get a buff that increases their ATK by 24% for 5 turns.",Subtlety: Crit Resistance of self and adjacent allies increases by 40%.,"Burning Vengeance: Upon defeat, the ally with the highest ATK is healed by 27% of their max HP and their ATK increases by 35% of Dextor's ATK. Can trigger once per battle.","Swamp Wanderer: Upon the death of an enemy, adjacent allies are healed by 100% of Dextor's ATK.","Upon the death of an enemy, the Energy of adjacent allies increases by 20. Upon the death of an ally, the Speed of adjacent allies increases by 12.",,
,28,Undead,Int,Carmen,Dealer,,451 935,139 802,1 421 511,70,10%,50%,0%,0%,10%,0%,0%,0%,0%,0%,0%,0%,"Pool of Poison: Inflicts Poision on all enemies, dealing ATK 62% DoT for 3 turns. Enemies inflicted by Carmen's Poison cannot be resurrected. Starts battle with 100 Energy.",Horn Incenser: ATK increases by 30% against enemies inflicted by Poison.,"Banned Substances: At the start of every third round, gains a buff that increases ATK by 25% for 2 turns.","Hidden Power: At the start of each round, heals by 6% of max HP for each enemy inflicted by Poison.","Violent Witch Upon taking a lethal blow, survives with 1 HP, gains a shield equal to 65% of max HP that lasts 2 turns, and gains 100 Energy. Can trigger once per battle.","Upon being hit, inflicts Poison to the enemy attacker, dealing ATK 50% DoT for 2 turns. For every third time Carmen is hit, ATK increases by 7%.","Venomous Censer: When an enemy afflicted with Carmen's Poison dies, spreads Poison to adjacent enemies, dealing 62% ATK as damage over time for 2 turns. If Carmen is placed in the first row, she cannot take more than 30% of her max HP as damage from a single attack until round 3.",
,29,Undead,Str,Zenon,Supporter,,379 009,156 797,1 682 004,86,10%,50%,0%,0%,10%,0%,0%,0%,0%,0%,0%,15%,"Chain Hook: Targets all enemies in the front row, dealing ATK 160% damage and applying a debuff that reduces healing received by 80% for 2 turns.","Soul Scar: The closer to the enemy, the more ATK increases, up to a maximum of 25%.","Restraining Chain: Starting from round 2 and every third round thereafter, the closest enemy in the 2nd to 3rd row has Restraint applied for 1 turn.",Wailing Soul: Damage taken of self and adjacent allies behind reduces by 20%.,"Absorb Soul: Upon defeat, all enemies get a debuff that reduces healing received by 90% for 2 turns. Can trigger once per battle.","On Active Skill, removes 1 buff from the enemy. When removing a buff, has a 50% chance of applying Restraint for 1 turn to the target.","Sturdy Chains: When Zenon uses an active skill, the ally with the highest ATK gains +25% ATK for 2 turns. (Once per round) If the active skill removes two or more enemy buffs at once, he will use the active skill again. (Once per round)",
,30,Undead,Agi,Amanda,Dealer,,449 509,121 905,1 392 365,85,10%,50%,0%,0%,10%,0%,0%,0%,0%,0%,0%,0%,"Death's Scythe: Targets the enemy with the highest ATK, dealing ATK 185% damage and applying a debuff that reduces ATK by 40% for 2 turns.","Painful Blow: On normal attacks, targets the closest enemy, dealing ATK 140% and removing 1 buff.","Sacrificed Soul: Upon death, reduces the Energy of all enemies by 50. Can trigger during continuous attacks, once per battle.","Soul Collector: At the start of battle, a debuff that reduces ATK by 20% for 2 turns is applied to all enemies.","Necromancer: At the start of battle and every third round thereafter, the 2 enemies with the highest ATK have their Energy reduced by 30 and have all buffs removed.","Upon defeating an enemy, heals by 20% of max HP, and ATK increases by 20% of the ATK of the defeated enemy.",,
,31,Undead,Int,Void,Healer,,410 458,127 886,1 381 297,94,10%,50%,0%,0%,10%,0%,0%,0%,0%,100%,0%,0%,"Chain of Blood: Targets the closest enemy, dealing ATK 190% damage and healing all allies by 70% of the damage dealt.","Bloodsucking Talisman: At the start of battle, the ally with the highest max HP gets a buff that increases their Lifesteal Rate by 140% for 1 turn. From round 2 onwards, at the start of each round, the ally with the lowest HP% gets a buff that increases their Lifesteal Rate by 80% for 2 turns.","Game of Death: At the start of each round, 2 allies under CC are released.","Mania: At the start of each round, the Speed of the enemy with the highest ATK is reduced by 20 for 1 turn.","Death Magic: Upon landing a killing blow, prevents resurrection from that target. Upon the death of an ally, the ally with the lowest HP% and self get a buff that reduces damage taken by 25% for 2 turns.","Upon the death of an ally, heals by 20% of max HP, and Lifesteal Rate of all remaining allies increases by 32% for 1 turn.","Thanato-nomicon: Void gains 50 energy when performing a normal attack on a Strength-type target. Additionally, penetration increases by 70% when attacking Strength-type heroes and removes all shields including immunity shields.",
,32,Undead,Str,Harfa,Tanker,,382 217,153 533,1 748 500,73,10%,50%,0%,0%,10%,0%,0%,0%,0%,80%,0%,40%,"Destructive Charm: Targets all enemies in the front row, dealing ATK 160% damage and having a 70% chance to apply Silence for 1 turn.","Vicious Cut: On normal attacks, targets the closest enemy and deals ATK 100% damage, reducing their Energy by 40.","PS2: Upon receiving a magical hit, gains an additional 40 Energy.","PS3: Upon death, all allies are healed by 15% of their max HP and they get a buff that reduces damage taken by 22% for 2 turns. Can trigger even during continuous attacks, once per battle.","Kind of the Dead: Upon death, resurrects 2 rounds later at the start of the round with 70% HP and 100 Energy. Can trigger once per battle.","Upon resurrection, ATK increases by 25% and DEF by 32%, up to a maximum of 75% ATK and 96% DEF.",,
,33,Elf,Str,Chiron,Tanker,,357 130,160 464,1 798 754,83,10%,50%,0%,0%,10%,0%,0%,0%,0%,0%,15%,0%,Vine Seed: Deals 190% ATK damage to 1 enemy and has a 80% chance to Entangle the target for 2 turns. (Entangled has a 50% chance to ignore CC removal effects.),Absorption Seed: Absorbs 10% of the target's max HP on normal attacks. (Cannot exceed 15% of Chiron's max HP and is unaffected by healing-related effects.),Forest's Blessing: Physical Resistance +15%. Chiron becomes immune to buffs and debuffs until round 3.,"Sentinel: Recovers 30% HP and survives when receiving fatal damage, and inflicts 30% ATK Reduction on the attacker for 2 turns. (Once per battle)","Thornvine Armor: Chiron applies a Seed debuff to the target when he is hit by a critical hit from an Active Skill or normal attack (up to 4 times per round). At the start of each round, removes all Seed debuffs from affected enemies, with a 100% chance to Entangle them for 1 turn. Enemies with the Seed debuff have their CC Resistance reduced by 15%.","When using an Active Skill, absorbs 15% of the max HP of all Entangled enemies, including the target. (Cannot exceed 20% of Chiron's max HP and is unaffected by healing-related effects.)",,
,34,Elf,Int,Serena,Dealer,,447 083,123 526,1 428 152,74,10%,50%,0%,0%,10%,0%,15%,0%,0%,0%,0%,0%,Spiral Blow: Deal 220% ATK damage to the enemy with the highest Crit Rate and inflict the Fog debuff for 2 turns. Enemies affected by Fog debuff have their ATK reduced by 20% and Crit Rate reduced by 10% (Fog debuff effects do not stack).,Ocean Hunt: Normal Attack damage is increased by 20%. Prioritizes attacking enemies affected by the Fog debuff.,"Song of the Tides: Until round 3, when Serena uses a Normal Attack or Active Skill, she grants a shield equal to 50% of the damage dealt to the ally with the lowest HP for 1 turn.","Siren's gaze: When Serena uses an Active Skill, she has a 100% chance to remove 1 buff from the target.","Wave Strike: When Serena attacks an enemy affected by the Fog debuff, the following effect activates. Attacks permanently reduces the target's Crit Damage by 15%. This effect does not apply to boss-type enemies. (Up to 2 times per target). When using an Active Skill, deals additional damage equal to 5% of the target's Max HP per Fog debuff on the target. (Additional damage capped at 25%).","When Serena attacks with an Active Skill, her ATK increases by 10% per Fog debuff on the target. (ATK increases up to 50%). Crit Rate of enemies affected by Fog is further reduced by 30%).",,
,35,Elf,Agi,Oneiric,Dealer,,434 606,120 284,1 385 724,80,10%,50%,0%,0%,10%,0%,0%,0%,0%,0%,0%,15%,"Spirit's Roar: Targets all enemies in the furthest row, dealing ATK 150% damage and reducing their Energy by 40.","Orb of Darkness: On normal attacks, targets the closest enemy in the furthest row, dealing ATK 120% damage and removing 1 buff.","Scent of Death: ATK increases by 25% against enemies with less than 50% HP, and heals by 25% of damage dealt to them.",Satiation: ATK increases by 4% for each buff he removes.,"Spirit's Feast: At the start of every round, targets all enemies with less than 50% HP, dealing ATK 120% damage and removing 1 buff.",ATK increases by 20% against Intelligence-type enemies.,"Key of Liberation: Oneiric has a 100% chance to remove 1 buff from a target hit by his active skill. (Once per round, excluding bosses) When an enemy buff is removed by this effect, Oneiric gains 50 Energy and triggers the Satiation skill effect. (Once per round)",
,36,Elf,Int,Elara,Supporter,,391 329,145 360,1 529 421,75,10%,50%,0%,0%,10%,0%,0%,0%,0%,0%,0%,0%,"Sun Emblem: Targets the enemy with the highest ATK and all adjacent enemies, dealing ATK 130% damage and applying a Dazzling debuff for 2 turns. When under Dazzling, Accuracy is reduced by 10% and attacks are guaranteed to be dodged by the target if own Accuracy is lower than the target's Dodge Rate.","Sphere of Light: On normal attacks, targets 1 random enemy, dealing ATK 130% damage and applying a Dazzling debuff for 1 turn.","Torrent: On normal attacks, ATK is increased by 5%, up to a maximum of 25%.","Sun Priestess: When attacking while below 50% HP, heals by 70% of the damage dealt.","Judge: When applying Dazzling to an enemy already affected by it, the target's Energy is reduced by 65 and they get Shock applied for 2 turns.","For the first 3 rounds, Elara and adjacent allies cannot take more than 35% of their max HP from a single hit.","Blazing Light: All adjacent allies' Dodge Rate increases by 15%. Until round 5, Normal Attacks have a 50% chance to attack one additional random enemy.",
,37,Elf,Int,CoCo,Supporter,,440 152,125 471,1 419 297,84,10%,50%,0%,0%,10%,0%,0%,0%,0%,0%,0%,0%,"Spirit Explosion: Targets the closest enemy and all adjacent enemies, dealing ATK 140% damage and removing 1 buff from each target.","Fairy's Aid: On normal attacks, targets the closest enemy, dealing ATK 130% damage. When attacking enemies with higher DEF than her, ATK increases by 16%.","Grace of Protection: When the HP of an ally on the same row as CoCo, including CoCo, falls below 60%, they get a buff that prevents them from taking more than 20% of their max HP from a single hit for 2 turns.","Power of Life: When HP drops below 50%, gets a HoT debuff, healing by ATK 80% for 2 turns.","Magic Ward: Upon the death of an ally, the enemy with the highest Energy has 100 Energy reduced and gets a Silence debuff for 1 turn.","On Active Skill from any enemy, CoCo has a 50% chance to gain 30 Energy.","Elf Fairy's Crystal Orb: Increases the number of buffs removed when hitting with an active skill by 1. When attacking enemies in the first row with an active skill, there is a 100% chance to apply a Buff Block debuff for 1 turn, preventing them from receiving any buff effects. Enemies affected by Buff Block also lose all shields.",ATK +15%
,38,Elf,Str,Babu,Tanker,,368 198,160 811,1 926 203,57,10%,50%,0%,35%,10%,0%,0%,0%,0%,0%,0%,0%,"Violent Crash: Targets the closest enemy and all adjacent enemies, dealing ATK 130% damage and healing by 100% of the damage dealt.","Ground Slam: On normal attacks, targets the closest enemy, dealing ATK 150% damage and increasing own DEF and Crit DEF by 8%, up to 40% each.","Golem's Core: When self or an ally receives a critical hit, they get a shield equal to 16% of Babu's HP for 2 turns. Can trigger up to 5 times per battle.","Emblem of Protection: On normal attacks, heals by 115% of the damage dealt.","Cruel Punishment: Upon receiving a critical hit, applies Stun to the attacker for 1 turn and gains an additional 50 Energy. Can trigger up to 5 times per battle.","Upon receiving a critical hit, Crit Rate of 1 random ally increases by 22% for 1 turn. ATK against Agility-type enemies increases by 18%.","Ancient Rune Tablet: Babu's Crit Resistance is reduced by 100%, but he ignores damage proportional to Max HP and increases Crit Defense by 50%. When Babu is hit by a critical hit from a direct attack, there is a 50% chance to recover 10% HP and increase the Energy of the 2 allied heroes with the highest ATK by 20.",
,39,Elf,Agi,Sander,Dealer,,446 390,126 768,1 425 938,89,10%,50%,0%,0%,10%,0%,45%,0%,0%,0%,0%,0%,"Gale Surge: Targets the closest enemy, dealing ATK 235% damage and reducing their Speed by 14 for 2 turns, while increasing the Speed of adjacent allies by 14 for 2 turns.","Forest Defense Squad: On normal attacks, targets the closest enemy, dealing ATK 135% damage. At the end of each round, removes 1 debuff from self and adjacent allies.","Protective Color: Upon taking a lethal blow, survives with 1 HP, becomes transparent for 2 turns and gains 100 Energy. When transparent, cannot be targeted, and cannot die from direct hits for the first round after turning. Can trigger once per battle.","Fearless Resolve: Upon removing a debuff, gain 20 Energy for each debuff removed ally. When using an active skill, conumes all Energy to deal greater damage.",Disarm: Deal additional damage equal to 80% of the ignored amount through Penetration.,"Increase ATK against Strength-type enemies by 20%. If you are transparent, it will increase by an additional 12%.","Tempest: Sander gains 50 Energy whenever an ally dies. (This effect also applies while in Invisible state) When using an Active Skill, absorbs 45% of the target's Energy (once per round).",
,40,Elf,Agi,Tania,Dealer,,443 617,124 499,1 539 201,62,30%,50%,0%,0%,10%,30%,20%,0%,0%,0%,0%,0%,"Thorned Arrow: Targets all enemies in the closest row, dealing ATK 180% damage.","Guard Shot: On normal attacks, targets the closest enemy, dealing ATK 135% damage and applying a debuff that increases their chance of being critically hit by 20% for 2 turns.","Ranged Specialization: The further to the enemy, the more ATK increases, up to a maximum of 21%.","Nature Protection: At the start of every second round, gains a buff that increases Crit Rate by 30% for 2 turns.","Full Power: On any attack, if it lands a critical hit, Crit Damage increases by 20%, up to a maximum of 60%. Resets if not critical hits occur.","On any attack, if it lands a critical hit, heals by 20% of the damage dealt, converting 100% of the excess healing into a shield that lasts for 1 turn.",,
,41,Elf,Int,Galan,Supporter,,413 700,139 088,1 512 546,67,10%,50%,0%,10%,10%,0%,0%,0%,0%,0%,0%,10%,"Desert Tornado: Targets the closest enemy in the furthest row and all adjacent enemies, dealing ATK 110% damage and having a 55% chance to apply Sandstorm.","Shackling Wind: On normal attacks, targets the nearest enemy in the furthest row, dealing ATK 120% damage.","Hidden Favor: At the start of every second round, the closest enemy in the furthest row has 25 Energy reduced.","Retience: For each enemy under Sandstorm, ATK increases by 12%.","Guardian of Nature: Chance of applying Sandstorm increases by 10%, and ATK of Active Skill increases by 20%.","ATK increases by 25% against enemies under Sandstorm. On normal attacks, if the enemy is under Sandstorm, has a 60% chance to increase the duration by 1 turn.",,
,42,Elf,Int,Aolmond,Healer,,402 352,149 461,1 355 840,61,10%,50%,0%,0%,10%,0%,0%,0%,0%,0%,0%,0%,"Lunar Owl: Heals self and adjacent allies by ATK 75%, applying a HoT buff that heals by ATK 60% for 3 turns.","Spirit Release: At the start of battle, gains 100 Energy.","Warm Heart: At the end of odd-numbered rounds, removes 2 debuffs from self and adjacent allies and applies a buff that increases healing received by 20% for 1 turn.","Inspiring Touch: At the start of every second round, applies a HoT buff to the ally with the lowest HP%, including self, healing them by ATK 40% for 2 turns.","Whenever an ally uses an Active Skill, Aolmond's healing amount increases by 4.5% (Max 15 stacks)","When adjacent to 3 or more allies, Physical Resistance increases by 20% and damage of normal attacks by 50%.","Forest Moon Owl: When using Active Skill, if the target has continuous healing, grants a shield equal to 20% of own max HP for 2 turns. (Once per round)",HP +15%
,43,Elf,Int,LuLu,Supporter,,409 161,170 983,1 313 524,75,10%,50%,0%,0%,10%,0%,0%,0%,0%,0%,0%,0%,"Victory Performance: Increases the Energy of all allies, including self, by 50, and applies a buff that increases their ATK by 20% for 2 turns.","Magic Arrow: On normal attacks, targets all enemies in the closest row, dealing ATK 103% damage and healing the ally with the lowest HP% by 50% of the damage dealt.","Inner Range: Upon the death of an ally, the Energy of all remaining allies increases by 40. Can trigger up to 5 times per battle.","Soothing Light: At the start of every second round, applies a shield to the ally with the highest ATK equal to 160% of LuLu's ATK for 3 turns.","Harp Player: Upon death, the Energy of all allies increases by 60 and they get a buff that increases their ATK by 15% for 2 turns. Can trigger once per battle.","Upon being hit, has a 50% chance of reducing the Speed of the enemy attacker by 5 and of applying a debuff that reduces ATK by 20% for 1 turn.",,
,44,Elf,Int,Fiona,Healer,,406 891,135 857,1 383 879,87,10%,50%,0%,0%,10%,20%,10%,0%,0%,0%,0%,0%,"Peaceful Pollen: Heals the ally with the lowest HP% by ATK 250%, applying a Hypnotic Scent buff for 2 turns or until dispelled. When an enemy hits an ally with Hypnotic Scent, they have an 80% chance to be put into Sleep for 2 turns.","Waves of Spring: On normal attacks, heals the ally with the lowest HP% by 80% of the damage dealt.",Flower's Beauty: The active skill heals all additional allies adjacent to the target. The additional healing amoutn corresponds to 28% of the original healing amount.,"Cultivate: Until round 5, at the start of each round, apply a buff to the allies with HP below 40% that increases Healing Recieved by 20% for 1 turn(s).","Flower Fairy Queen: The chance of Hypnotic Scent putting the enemy to Sleep increases to 90%. At the start of every third round, a Hypnotic Scent buff is applied to 1 random ally in the front row for 2 turns. Upon the death of an ally, gains 40 Energy.","Increase the duration of Hypnotic Scent buff on Active Skill by 1 turn. When allies with Hypnotic Scent buff are attacked, Fiona has 50% chance of receiving 30 Energy.","Dream Bloom: Reduces damage taken by allies with the Hypnotic Scent buff by 20%. (Does not stack) When an ally with the Hypnotic Scent buff dies, there is a 70% chance to inflict Sleep on all enemies for 1 turn. (Once per battle) When an allied hero other than self drops to 30% HP or below, heals that ally by 200% of ATK and grants the Hypnotic Scent buff for 2 turns. (Once per battle)",
,45,Elf,Str,Abala,Tanker,,370 780,159 771,1 769 250,69,10%,50%,0%,0%,10%,0%,10%,0%,0%,0%,10%,0%,"Giant Strike: Targets the enemy with the highest ATK, dealing ATK 190% damage and applying Taunt for 2 turns.","World Tree's Blessing: At the start of every second round, applies a shield to the ally with the lowest HP% equal to 130% of Abala's ATK for 2 turns.","Constricting Roots: Reduces damage taken from enemies under Taunt by 55%. At the start of battle, gains 50 Energy.","Thick Skin: At the start of each round, increases DEF by 8%, up to a maximum of 40%.","Ancient Mystery: On any attack, heals by 40% of the damage dealt. Increases by 5% every round, up to a maximum of 75%.","Upon the death of an ally, ATK increases by 14%. Has a 50% chance to apply Taunt to the enemy that defeated the ally for 1 turn.","Abala's Secret Apple: When using Active Skill, removes 2 buffs from the target. Enemies taunted by Abala have their Crit Rate reduced by 50%.",
,46,Horde,Int,Nevir,Dealer,,463 026,119 960,1 411 549,87,10%,50%,0%,0%,10%,30%,0%,0%,0%,0%,0%,0%,Yin-Yang Art: Tiger: Deals 175% ATK damage to 3 nearby enemies with a 100% chance to inflict [Ink] for 2 turns. [Ink] removes shields. (Excludes Damage Immunity and Nullification Shield),"Ink Drawing: Attacks the enemy with the highest Energy, dealing 130% ATK damage and absorbing 30 Energy.","Tri-Ink Technique: Accuracy +30%. For each [Ink] debuff on an enemy hero, Nevir reduces their Magic Resistance by 15%. (Up to 30%, excludes bosses)",Ink and Inkstone: Gains 10 Energy when an allied hero uses an Active Skill. Gains an additional 10 Energy when a Horde hero uses an Active Skill.,"Battlefield Artist: If Nevir's Energy is 120 or lower, Energy gain rate increases by 50%. (Does not apply to Energy gained from attacking or being hit.) If Energy is full after using an Active Skill, has a 100% chance to immediately reuse the Active Skill.","Gains +10% Crit DMG each time an Active Skill is used. (Once per round, up to 50%) Gains 50 Energy when an enemy or ally dies. (Twice per battle)",,
,47,Horde,Agi,Bella,Dealer,,432 873,116 718,1 346 986,81,10%,50%,0%,0%,10%,0%,0%,0%,0%,0%,0%,0%,"Upward Slash: Targets the closest enemy, dealing ATK 230% damage and removing 1 debuff. If the target is a Tank with no buffs, applies Stun for 1 turn.","Sweeping Slash: On normal attacks, targets the closest enemy, dealing ATK 140% ATK damage.","Encouraging Whisper: For the first 5 rounds, Bella and other Horde heroes adjacent in front cannot take damage exceeding 51% of their max HP from a single hit.","Opening Strike: On an ally's normal attack, if Bella has no debuffs, performs a joint attack, dealing ATK 100% damage and removing 1 buff. Can trigger once per round.","Hone Blade: For the first 2 rounds, and every time Bella removes a buff, gains Sharpness buff for 2 turns. Sharpness increases ATK by 20% and Penetration by 60%, and does not stack.","On any attack, reduces the target's max HP by 30% of the damage dealt, or by 60% if targeting a Tank, up to a maximum of 50% of their max HP. Persists after resurrection and does not affect Boss-type enemies.","Bella's Secret Art: Crit Rate increases by 30% and Crit Damage by 30% against Tank heroes. Additionally, when attacking a Tank hero, permanently increases the target's damage taken by 15%. (Up to 2 times per target) This increased damage taken effect does not apply to boss-type enemies.",
,48,Horde,Str,Lupico,Supporter,,413 052,131 005,1 406 015,78,10%,50%,0%,0%,10%,0%,0%,0%,0%,0%,0%,15%,"Flaming Cannon: Targets the closest enemy Support and all adjacent enemies, dealing ATK 140% damage and inflicting Burn, dealing ATK 60% DoT for 3 turns. If there is no enemy Support, targets the closest enemy.","Steel Teeth: On normal attacks, targets the closest enemy Support, dealing ATK 100% damage and inflicting burn, dealing ATK 60% DoT for 2 turns. If there is no enemy Support, targets the closest enemy.","Penguin's Pride: When HP drops below 60%, Lupico and 2 allies with the lowest HP% are healed by 30% of Lupico's max HP and they get all their debuffs removed.","Flame Energy: At the start of battle, Lupico gains 50 Energy. At the end of each round, enemies inflicted by Burn have their Energy reduced by 25.","Ruler of the Sea: While Lupico is alive, all allies, including self, deal 40% increased damage from Burn and Bleed.","On Active Skill, increases the Energy of the 3 allies with the highest ATK, including self, by 20 per enemy hit.","SH-4RK Cannon: Reduces damage taken by yourself and allies from enemy Elf Supporter heroes by 30%. Until round 3, Lupico reduces the Energy of a random enemy Supporter hit by his Active Skill by 50.",
,49,Horde,Str,PaoPao,Tanker,,371 518,194 949,1 956 874,99,10%,50%,0%,0%,10%,0%,0%,0%,0%,0%,0%,0%,"Drinks Only Dew: Heals by 30% of max HP and gains Reflective Qi buff for 2 turns. Reflective Qi buff reduces the user's damage taken by 20% and instantly reflects 35% of damage received from a direct hit back to the attacker, including shared damaged, even if opponent is untargetable.","Threat Apprehension: On normal attacks, targets the enemy with the highest Energy, dealing ATK 140% damage. If the target has 90 or more Energy, reduces it by 25.","Damage Sharing: When the ally with the lowest HP%, excluding self, receives damage from a direct hit, Paopao will split and share 50% of that damage.","When Paopao heals himself, 100% of the amount healed that exceeds his max HP will be converted to a protective shield that lasts for 2 turn(s).","Stored Vitality: For the first 5 rounds, at the start of each, if HP is below 60%, heals by 25% of max HP.","Upon taking a lethal blow, survives with 1 HP, gains a shield equal to 60% of max HP for 2 turns, removes all debuffs on him, and gains an additional 100 Energy. Can trigger once per battle.",,
,50,Horde,Agi,Jack,Dealer,,458 174,122 878,1 383 879,94,10%,50%,0%,30%,40%,0%,0%,0%,0%,0%,0%,0%,"Disease's Stinger: Targets the closest enemy in the furthest row, dealing ATK 180% damage and inflicting 2 stacks of Tetanus, dealing ATK 55% DoT for 3 turns and reducing the target's ATK by 13% and their Crit Rate by 17%.","Rusted Sword: On normal attacks, targets the closest enemy in the furthest row, dealing ATK 145% damage.","Forbidden Drug: Dodge Rate increases by 0.6% for every 1% of his HP lost. At the end of each round, heals by 75% of damage dealt to enemies through Tetanus.","Madness Hyena: On any attack, removes 1 buff from the target. Upon removing a buff, ATK increases by 12% for 2 turns.","Infection: Upon the death of an enemy inflicted with Tetanus, the debuff spreads to adjacent enemies, dealing ATK 80% DoT for 3 turns.","Upon the attack of an ally, Jack has a 30% chance to do a joint attack, dealing ATK 145% damage.","Jack's Surgical Tools: Inflicts 1 stack of Tetanus on the enemy when performing normal attacks or joint attacks. Jack's active skill always hits, and he always dodges attacks from enemies afflicted with Tetanus.",
,51,Horde,Int,Dolucos,Dealer,,447 430,125 147,1 429 627,63,10%,50%,0%,0%,10%,0%,0%,0%,0%,0%,0%,0%,"Chain Lightning: Targets the closest enemy and adjacent enemies in a chain attack, dealing ATK 155% damage. Can chain up to 3 times, with each chain decreasing the ATK of the skill by 20%.","Lightning: On normal attacks, targets the closest enemy, dealing ATK 130% damage and gaining an additional 30 Energy.","Subtle Method: At the end of every second round, cleanses 2 debuffs from self and allies in the same row. Upon removing a debuff, gains 30 Energy.","Awe: At the start of every fifth round, heals 50% of max HP.","Grand Magician: If all allies except Dolucos are dead, becomes gigantified for 2 turns. When gigantified, ATK increases by 80% and DEF by 110%. Can trigger once per battle.","When chaining 3 or more enemies with Active Skill, reduces the Energy of all targets by 20, and has a 30% chance of applying Silence for 1 turns.","Heavenly Thunder: At the start of battle, Dolucos gains 20 Energy for each allied Horde hero and increases ATK by 10% per hero (up to 30%). Dolucos's skills are enhanced. Chain Lightning: Now chains to random enemies. Subtle Method: Now triggers at the end of each round. Awe: Now triggers at the start of every 4 rounds.",
,52,Horde,Int,Aruru,Healer,,419 536,140 710,1 397 899,55,10%,50%,0%,0%,10%,0%,0%,0%,0%,0%,0%,0%,"Primitive Curse: Targets the closest enemy, dealing ATK 215% damage and healing the ally with the lowest HP% by 138% of the damage dealt. This attack is undodgeable.",Chaser: Accuracy of self and adjacent allies increases by 40%.,"Foresight: Upon the death of an enemy, obtains a buff that increases ATK by 20% for 2 turns. Can trigger once per round.","Shamanism: From rounds 2 to 5, at the start of each round, heals the ally with the lowest HP% by ATK 110%.","High Priest: Upon death, targets all enemies, dealing ATK 140% damage and healing all allies by 34% of the damage dealt. Can trigger once per battle.","On any attack, ignores and removes any shield on the target. Upon shield removal, heals adjacent allies by 70% of the damage dealt.",,
,53,Horde,Str,Kaion,Dealer,,411 732,138 440,1 600 076,60,10%,50%,0%,0%,10%,0%,0%,0%,0%,0%,15%,0%,"Suffocating Blow: Targets the closest enemy and all enemies in a straight path behind, dealing ATK 180% damage and healing by 50% of the damage dealt.","Devouring Blade: On normal attacks, targets the closest enemy, dealing ATK 145% damage.","Wounded Beast: Starting from round 2, at the start of each round, ATK increases by 6%, up to a maximum of 60%.","Wild Instinct: The closer to the enemy, the more ATK increases, up to a maximum of 40%.","Warrior of the Battlefield: Upon taking a lethal blow, survives with 1 HP, gains a shield equal to 50% of max HP for 2 turns, and gains an additional 100 Energy. Can trigger once per battle.","When HP is below 30%, ATK increases by 20% and damage taken is reduced by 20%.","Ancient Beast's Bone: Kaion gains a Shield for 1 turn equal to the excess healing from his Active Skill. Kaion enters Giant state for 4 turns when an allied hero dies. (Once per battle) While in Giant state, his Crit Rate increases by 30% and Crit Resistance increases by 50%, and when attacking enemies in the front row, he ignores 30% of their Physical Resistance.",
,54,Horde,Agi,Paru,Supporter,,414 673,138 351,1 267 776,80,10%,50%,0%,0%,10%,0%,0%,0%,0%,0%,0%,0%,"Cakram: Targets all enemies in the closest row, dealing ATK 155% damage and applying a buff to self and allies in the same row that increases Crit Rate by 30% for 2 turns.","Diffusion of Energy: All allies in the same row, including yourself, can gain additional 30 Energy upon dealing a critical hit.","Sharpness: Active Skill attack removes 2 buff(s) from the target. When removing buffs, heal yourself by 20% max HP. (Once per round).","Fox's Instinct: Whenever the number of critical hits from all allies in the same row, including yourself, reaches 4, Paru gains a Damage Immunity Shield that lasts for 1 turn.","Wily Fox: Upon death, removes all shields from all enemies and applies a buff to all allies that increases their Crit Rate and Crit Damage by 38% for 2 turns. Can trigger once per battle.","Increases Crit Resistance by 40% and Crit DEF by 35% of allies in the same row, including self.",,
,55,Horde,Agi,Sol,Dealer,,455 401,130 335,1 368 384,76,10%,50%,0%,0%,10%,0%,15%,0%,0%,0%,10%,0%,"Rain of Fire: Targets all enemies, dealing ATK 81% and inflicting Burn, dealing ATK 48% DoT for 2 turns.","Destructive Arrow: On normal attacks, targets all enemies in the closest row, dealing ATK 98% damage.",Unyielding Perseverance: Heals by 50% of all damage dealt through Burn.,"Peerless Hunter: At the end of each round, if there 4 or more enemies inflicted by Burn, gains 30 Energy.","Raptor Guardian: At the start of every second round, inflicts Burn on 1 random enemy, dealing ATK 60% DoT for 3 turns.","Upon death, inflicts Burn to all enemies, dealing ATK 50% DoT for 2 turns.","Ignis: When Sol or an adjacent ally or Horde hero attacks a Burning enemy hero with an active skill or normal attack, there is a 60% chance to inflict Burn, dealing 48% of ATK as damage over time for 2 turn(s). (Excludes bosses) For each Burn effect on an enemy hero, their healing received is reduced by 20%. If the enemy has 3 or more Burns, their Physical Resistance is reduced by 30. (Excludes bosses, healing reduction capped at 80%)",
,56,Horde,Int,Naru,Healer,,406 243,132 045,1 414 132,56,10%,50%,0%,0%,10%,0%,0%,0%,0%,100%,0%,0%,"Beads of Healing: Targets the 2 allies with the lowest HP%, healing them by ATK 205%. If the target allies are under CC, releases them and increases their Energy by 50.","Beads of Spirit: On normal attacks, targets all enemies in closest row, dealing ATK 85% damage and healing the ally with the lowest HP% by 65% of the damage dealt.","Guardian of Balance: When an ally falls under CC, they are healed by 85% of Naru's ATK.","Nature's Vitality: When you critically heal with an active skill, apply a buff to the target that increases DEF by 30% for 2 turn(s).","Spirit of Harmony: Crit Rate increases by 13% for each ally Horde hero. Upon the death of an ally, Crit Rate increases by an additional 13%.","Increase Healing amount of Active Skill by 20%. Every time you heal an ally with Active Skill, the Healing received by that ally permanently increases by 10%.","Guardian's Staff: Naru gains 25 Energy when removing CC effects from an allied hero. (Once per round) Spirit of Harmony applies to all allied Horde heroes. For every 3 time(s) CC effects are applied to allies, Naru removes CC effects from all affected allies and grants them ATK +20% for 2 turns. (Does not trigger if CC is resisted.)",
,57,Horde,Agi,Telfer,Dealer,,460 946,119 311,1 369 491,92,10%,50%,0%,0%,17%,0%,13%,0%,0%,0%,0%,0%,"Hemorrhage: Targets the closest enemy, dealing ATK 195% damage and inflicting Bleed, dealing ATK 110% DoT for 3 turns.","Sharp Claw: On normal attacks, targets the closest enemy, dealing ATK 145% damage.","Terrifying Laugh: When hit, inflicts Bleed on the attacker, dealing ATK 50% DoT for 2 turns.","Bloody Grudge: At the start of battle, Dodge Rate increases by 70%. decreasing by 10% at the beginning of each round starting from round 2. Upon dodging, ATK increases by 5%. Can trigger up to 5 times.","Deep Hatred: Upon landing a killing blow, heals by 35% of max HP and gains a buff that increases Dodge Rate by 55% for 2 turns.",ATK increases by 20% against Strength-type enemies. Heals by 30% of damage dealt to Strength-type enemies.,"Mystic Cat Claws: When dodging a Strength-type hero's attack, 60% chance to apply 2 stacks of Bleed to the attacker, dealing DoT equal to 60% of ATK for 3 turn(s). When using an Active Skill, removes all existing Bleed DoT from enemies adjacent to the target (including the target) that have at least 3 stacks of Bleed, then deals additional DoT equal to 150% of the total damage removed. This effect can Crit. If more than 3 Bleed stacks were removed, damage +50% per extra stack (Max +100%).",
,58,Horde,Str,Lagou,Tanker,,362 664,157 692,1 746 555,54,10%,50%,0%,0%,10%,0%,0%,0%,0%,100%,0%,0%,"Shield Slam: Targets all enemies in the closest row, dealing ATK 130% damage and having a 55% chance of applying Stun for 1 turn.","Bull Rush: Every fourth hit received, Lagou applies Stun to the enemy attacker for 1 turn.","Imposing Force: When hit, damage taken reduces by 12%. Resets at the start of each round.","Tribal Leader: At the start of each round starting from round 2, heals by 25% of max HP, decreasing by 5% every round.","Responsibility: Upon death, applies Stun to all enemies in the closest row for 2 turns and reduces their DEF by 40%.","Chance of applying Stun on Active Skill increases to 65%. Upon applying Stun 3 times, heals by 30% of max HP and becomes gigantified for 2 turns. While gigantified, ATK increases by 80% and DEF increases by 50%. Can trigger once per battle.","Ancestor's Shield: Lowers the hit count required to trigger Bull Rush from 4 to 2. Upon applying Stun to an enemy, their ATK and Crit Damage are reduced by 10%. Reduces stats persist after death.",
,59,Human,Int,Liandra,Tanker,,384 800,175 367,1 862 008,70,10%,50%,0%,0%,10%,0%,0%,0%,0%,0%,0%,0%,Mace of Judgment: Deals 120% ATK Dmg to all enemies. Ignores shield (excluding immunity and nullification shields),Divine Blessing: HP +10%. Normal Attacks permanently reduce the target's DEF by 5%.,"Paladin's Ward: Liandra's Physical Resistance is increased by 50%. This effect decreases as HP drops. (PhRes -0,3% per 1% HP, maximum 20%)","Prayer of Protection: At the start of the round, if your HP is 50% or below, recover 50% of Max HP. (Once per battle)","Unshakable Faith: When an enemy hero is healed 3 times by Active Skills, Liandra gains 1 stack of Pladin's Ward. Liandra gains +20% ATK and +20% Accuracy, and +10% Damage Reduction per stack of Paladin's Ward she has (up to 5 stacks). If Liandra has 3 or more stacks of Paladin's Ward when using her Active Skill, she removes 1 buff from all enemies and reduces their Healing Rate by 70% for 2 turns (Once per round).","When an enemy hero is healed 3 times by Active Skills, grant a Paladin's Ward buff to the ally hero with the lowest HP among those without a Paladin's Ward, lasting 2 turns. This effect does not trigger if Liandra has 5 Paladin's Ward buffs. Allies (except Liandra) with Paladin's Ward buffs gain +15% Crit Resist and +10% Crit Defense. In addition, ally Intelligence Heroes (except Liandra) with Paladin's Ward buffs gain 30 Energy at the start of each round.",,
,60,Human,Str,Morra,Supporter,,401 056,149 419,1 521 124,71,10%,50%,0%,0%,10%,0%,0%,0%,0%,0%,0%,0%,Steel Anvil: Allies a buff to all allies that reduces damage taken by 20% for 2 turns.,"Hammer Throw: For the first 3 rounds, on normal attacks, has a 100% chance to stun for 1 turn.","Plate Forging: Physical Resistance of Strength-type allies increases by 10%, and at the start of each round, their DEF increases by 5%, up to a maximum of 50%.","Emergency Evacuation: Upon taking a lethal blow, survives with 1 HP and gains a shield equal to 700% DEF for 2 turns. Can trigger once per battle.","Axe Sharpening: At the start of each round, ATK of the Strength-type ally with the highest ATK increases by 5%, up to a maximum of 50%.","Upon the death of a Strength-type ally, the ATK and DEF of remaining Strength-type allies increases by 15%. Can only trigger while Morra is alive.",,
,61,Human,Int,Scarlet,Healer,,442 555,142 096,1 350 675,67,10%,50%,0%,0%,70%,0%,0%,0%,0%,66%,0%,0%,"Slippery Bubble: Targets 3 allies with the lowest HP%, healing them by ATK 75% and granting them a HoT buff, healing by ATK 95% for 2 turns, and increases their Dodge rate by 35% for 2 turns. Dodge Rate buff cannot be dispelled.","Weakening Potion Bomb: On normal attacks, targets the enemy with the highest Energy (if tied, targets the closest of those enemies), dealing ATK 100% damage and reducing their ATK by 16% and their Accuracy by 20% for 2 turns. Cannot be dispelled.","Auto Recovery: Starting from round 2, every second round, heals the ally with the lowest HP by ATK 90%. When an ally dodges an attack, their Crit Rate increases by 20%, up to a maximum of 40%.","Symbol of Victory: At the start of the battle, allies in the same row, including self, have their CC Resistance increased by 25% and their Speed increased by 18.","Magitech Product: Upon death, all remaining allies are healed by 25% of their max HP and have a buff that increases Dodge Rate by 60% applied for 3 turns. Can trigger even during continuous attacks.","At the start of battle, the Energy of the enemy symmetrically opposite to Scarlet is reduced by 100 and is further reduced by 25 at the start of each of the following rounds. If symmetrically opposite position is empty, targets closest enemy.",,
,62,Human,Agi,Kyle,Dealer,,451 242,121 581,1 410 443,83,10%,50%,0%,35%,10%,0%,0%,0%,0%,0%,0%,0%,"Back Line Attack: Targets the closest enemy and all enemies in the row behind them, dealing ATK 140% damage and having a 70% chance to apply Stun for 1 turn.","Straight Rappier: On normal attacks, targets the closest enemy, dealing ATK 140% damage and reducing their DEF by 10%.","Counterattack Preparation: Upon being hit, ATK increases by 5% of the ATK of the attacker. Can trigger up to 10 times per battle.","Nullify: When HP falls below 70%, a HoT buff is applied, healing by ATK 120% for 2 turns, and all CC and debuffs are removed. Can trigger once per battle.",Mortal Wound Dodge: Damage taken decreases by 0.45% for every 1% of HP lost.,"Upon receiving 4 direct hits, turns into Wind Wish state for 2 turns. In this state, Dodge Rate increases by 100% and ATK increases by 50%. Can trigger once per battle.","Rose Knight: The activation condition for Wind Wish changes to [when allies in the same row, including self, take direct attack damage 4 times], and when Kyle acquires Wind Wish, he gains 100 Energy. While affected by Wind Wish, Kyle ignores effects that prevent damage dealt to enemies from exceeding a certain percentage of max HP when attacking. Additionally, when he directly defeats an enemy, the duration of Wind Wish increases by 2 turns and he gains 100 Energy.",
,63,Human,Int,Adora,Supporter,,415 321,146 836,1 344 716,90,10%,50%,0%,0%,10%,0%,0%,0%,0%,0%,15%,0%,"Cursed Puppet: Targets the enemy symmetrically opposite to her, dealing ATK 170% damage and applying Puppet for 1 turn. If symmetrically opposite position is empty, targets closest enemy.","Shadows of Silence: On normal attacks, Adora targets the enemy opposite to her, dealing ATK 135% damage and having a 50% chance to apply Silence for 1 turn. If symmetrically opposite position is empty, targets closest enemy.","Darkness Eating: At the end of each round, removes 2 DoT debuffs from 3 random allies.","Precious Friend: On normal attacks, gains a shield equal to 80% of the damage dealt for 2 turns or until depleted.","Vitality Recovery: Upon removing a DoT debuff, the target ally is healed by 30% of their max HP, and their DEF increases by 25% for 2 turns.",Energy gain rate of enemies turned into Puppet and adjacent enemies is reduced by 50%. Puppet duration increases to 2 turns.,"Soulbound Doll: When using Active Skill, 50% chance to turn the target and one adjacent enemy into a Puppet for 2 turns. Enemies afflicted by Adora's Puppet debuff take 20% more damage. Additionally, when an enemy under the Puppet effect dies, Adora gains 50 Energy. (Energy gain triggers up to 2 times per battle)",
,64,Human,Str,Rakan,Tanker,,407 305,150 414,1 574 396,84,10%,50%,0%,0%,50%,0%,0%,0%,0%,0%,0%,0%,"Overwhelming Attack: Targets the closest enemy, dealing ATK 210% and applying a shield to self equal to 90% of the damage dealt for 2 turns.","Strongest Warrior: While over 50% HP, DEF increases by 30%. While under 50% HP, ATK increases by 30%.","Wounded Spirit: Upon Rakan's death, Enemies with 40 or more Energy have Silence applied for 1 turn. Can trigger once per battle.","Berserker Rage: At the end of every second round, cleanses 2 debuffs from self and allies in the same row. Upon removing a debuff, heals self by 20% of max HP.","Vigor: Upon death, Energy of all enemies reduces by 60, and a debuff that increases damage taken by 28% is applied to them for 2 turns. Can trigger twice per battle.","Upon the death of an ally, has a 70% chance to take revenge on the enemy that defeat them, dealing ATK 100% damage and applying Silence for 2 turns.",,
,65,Human,Str,Olga,Supporter,,368 634,156 060,1 528 748,88,10%,50%,0%,0%,10%,0%,0%,0%,0%,0%,0%,0%,"Freezing Strike: Targets the closest enemy and all adjacent enemies, dealing ATK 165% damage and applying a buff to self and adjacent allies that increases CC Resistance by 100% for 2 turns. Starts battle with 100 Energy.","Leadership Awakening: For the first 3 rounds, Olga and adjacent allies have their DEF increased by 27% of Olga's DEF.","Frigid Cold: When hit, the attacker gets a Cold debuff applied for 1 turn. Upon being hit, heroes under Cold debuff have a 55% chance to fall under Freeze for 1 turn.","Heroism: At the start of every fourth round, heals 35% of max HP.","Counterattack: When HP is below 50%, upon being hit, counterattacks and gains a shield equal to 70% of the damage dealt for 3 turns.","When below 50% HP, DEF increases by 30%. When receiving a hit that would make her HP drop below 30%, receives a buff that reduces damage taken by 30% for 2 turns. Can trigger once per battle.","Winterbringer: When Olga is placed in the first row, the following effect is activated. When Olga uses an active skill, she has a 50% chance to inflict a Cold debuff on hit enemies for 1 turn. When Olga dies, she inflicts Freeze on the hero who killed her for 1 turn. When Olga takes a fatal hit, she survives with 1 HP and restores 49% of her Max HP. (Once per battle) Additionally, her damage taken is reduced by 3% for each enemy affected by Cold debuff. (Damage reduction can stack up to 5 times)",
,66,Human,Int,Idina,Supporter,,411 106,138 720,1 470 371,58,10%,50%,0%,0%,10%,0%,0%,0%,0%,0%,0%,10%,"Ice Wall: Targets all enemies in the furthest row, dealing ATK 100% damage and having a 65% chance of applying Freeze for 1 turn.","Ice Crystal: On normal attacks, targets all enemies in the furthest row, dealing ATK 83% damage.","Ice Queen: When attacked by a magical attack, gains an additional 25 Energy.","Frozen: When HP falls below 70% or 30%, applies Freeze to the enemy attacker for 1 turn. Can trigger once per battle for each threshold, even during continuous attacks.","Icy Grasp: At the start of every third round, applies Freeze to 1 random enemy in the furthest row for 1 turn and reduces 30 Energy from them.","When attacking enemies under Freeze, decreases their ATK by 9% while increasing own ATK by 9% of their max ATK.",,
,67,Human,Agi,Ken,Dealer,,444 311,118 339,1 369 491,66,10%,50%,0%,0%,20%,0%,0%,0%,0%,0%,0%,0%,"Chain Shuriken: Attacks the closest enemy and adjacent enemies in a chain attack, dealing ATK 145% damage. Can chain up to 4 times.","Assassination Blade: On all attacks, inflicts Bleed on the target, dealing ATK 40% DoT for 2 turns.",Silent Assassin: ATK increases by 15% for each enemy inflicted by Bleed.,"Gathering Shadow: At the start of every second round, Dodge Rate increases by 10%, stacking up to 5 times.","Repeated Strikes: On normal attacks, targets 1 additional enemy inflicted by Bleed, dealing ATK 123% damage.","ATK increases by 20% against enemies inflicted by Bleed. Additionally, heals by 22% of damage dealt.",,
,68,Human,Agi,Calix,Supporter,,412 727,155 432,1 324 615,78,10%,50%,0%,25%,10%,0%,0%,0%,0%,0%,0%,0%,"Piercing Blow: Targets the closest enemy and all enemies in a straight path behind, dealing ATK 145% damage and applying a debuff that reduces DEF by 40% for 2 turns.","Inexorable Strike: On normal attacks, targets the closest enemy and all adjacent enemies behind, dealing ATK 100% damage.","Guardian Knight: When Calix is hit, the ally with the highest ATK, including him, gains 50 Energy. Can trigger once per round.","Survival Skill: At the start of every fourth round, heals by 50% of max HP.","Honorable Knight: At the start of every second round, Calix and the ally with the highest ATK gain 40 Energy. Whenever this is triggered, they gain an additional 5 Energy, up to a maximum of 50 Energy.","When hit, gains an additional 20 Energy, and applies a debuff that increases damage taken by 20% to the attacker for 1 turn. Cannot be cleansed.",,
,69,Human,Int,Odelia,Healer,,401 380,130 659,1 364 326,72,10%,50%,0%,0%,10%,0%,0%,0%,0%,100%,0%,0%,"Prayer of Recovery: Targets the ally with the lowest HP%, including self, healing them by ATK 300% and removing 2 debuffs.","Divine Power: On normal attacks, targets the closest enemy, dealing ATK 130% damage. If the target has more than 70% HP, applies Stun for 1 turn.","Sorcerous Aura: When below 50% HP, damage taken is reduced by 23%.","Divine Protection: 100% of excess healing is converted into a shield that lasts 2 turns. At the start of battle, healing amount is increased to 130%, decreasing by 5% every round until it returns to 100%.","Path of Penance: For the first 6 rounds, on Active Skill, resurrects 1 random fallen ally with 65% HP and 50 Energy. Can trigger once per battle.","Upon resurrecting an ally, Odelia gains a shield equal to 150% of her ATK for 2 turns. If the resurrected ally is then defeated, remaining allies are healed by 100% of Odelia's ATK.","Noble Oath: When healing an ally with a shield received from you, grant them a Crit Defense +15% buff for 1 turn. When using an Active Skill, heal all allies with Paladin's Ward buff except the target for 50% of ATK and remove 1 debuff.",
,70,Human,Agi,Milia,Dealer,,463 719,125 796,1 369 491,77,21%,50%,0%,0%,10%,0%,0%,0%,0%,0%,0%,0%,"Final Strike: Deal ATK 230% damage to the enemy with the lowest HP. When an active skill lands a critical hit, gain a buff that increases Crit Damage by 20% for 3 turn(s).","Precise Shot: On normal attacks, targets the enemy with the lowest HP%, dealing ATK 145% damage.","Mortal Wound: When landing a critical hit, heals by 40% of damage dealt.",Shrine of God: Crit Rate increases by 10% for each adjacent ally.,"Unstoppable Force: Upon defeating an enemy with Active Skill, re-triggers with a 17% ATK reduction. Can trigger multiple times per turn.","On normal attacks, has a 40% chance to re-trigger with a 20% ATK reduction. Can trigger once per turn.","Radiant Bow: Each time you attack an enemy, Penetration increases by 5%. (Up to 10 times) Upon defeating an enemy, absorbs 12% of that enemy's ATK.",Penetration +30%
,71,Human,Str,Richelle,Tanker,,352 334,164 970,1 795 511,71,10%,50%,0%,0%,10%,0%,0%,0%,0%,0%,0%,0%,Imperial Protection: Applies a shield to self and adjacent allies equal to 23% of Richelle's max HP for 2 turns.,"Drastic Measure: For the first 3 rounds, Richelle and adjacent allies cannot take more than 35% of their max HP from a single hit.","Heartless Command: Gain 5 Energy additionally when attacked. When using a Shield, you remove 1 debuff(s) from each adjacent ally.","Reversal: Until round 5, at the start of each round, if HP is below 40 %, heal yourself of 25% of max HP.","Strict Military Discipline: Upon taking a lethal blow, survives with 1 HP and gains a damage immunity shield for 1 turn. Upon death, applies a shield to adjacent allies equal to 25% of Richelle's max HP for 2 turns. Each effect can trigger only once per battle.","While shielded, Richelle's ATK and Crit Rate increase by 25%.",,
,73,Undead,Agi,Luke,Dealer,,40 577,13 456,126 494,68,10%,50%,0%,0%,10%,0%,0%,0%,0%,0%,0%,0%,"Corruption Bomb: Attacks 2 random enemies, dealing ATK 110% damage and inflicting Poison, dealing ATK 45% DoT for 3 turns. Poison can be cleansed.",Hell Crow: Damage taken from poisoned enemies reduces by 30%.,"Dark Sniper: Upon death, applies a debuff to all poisoned enemies that increases damage taken by 30% for 2 turn. Can trigger up to 3 times per battle.","Practice Dark Arts: Upon the death of an ally, gains 30 Energy.",n/a,n/a,,
,74,Horde,Str,Bakra,Tanker,,31 675,15 527,187 360,75,10%,50%,0%,0%,10%,0%,0%,0%,0%,0%,0%,0%,"Shield Throw: Targets the closest enemy and adjacent enemies in a chain attack, dealing ATK 120% damage and applying a debuff that reduces ATK by 10% for 2 turns. Can chain up to 2 times.","Turtle Shell: DEF of all allies, excluding self, increases by 7%.","Strengthen: For the first 3 rounds, cannot take more than 30% of max HP from a single hit.","Survivability: At the start of every third round, heals 24% of max HP.",n/a,n/a,,
,80,Horde,Agi,Asjek,Dealer,,45 753,13 663,139 433,84,10%,50%,0%,0%,10%,0%,0%,0%,0%,0%,0%,0%,"Merciless Blow: Deal ATK 200% damage to 1 enemy and inflict Bleeding, dealing ATK 90% DoT for 3 turn(s).","Exploit Weakness: When dodging, counterattack and gain a buff that increases ATK by 28% for 2 turn(s).","Wild Eyes: When HP is below 50%, Dodge Rate increases by 35%.","Wolf Howl: At the start of battle, ATK increase by 20%. This effect decreases by 4% every round.",n/a,n/a,,